Card Name,Quantity,ID #,Rarity,Set,Collector #,Premium,Sideboarded,Annotation
"Ancient Ziggurat",1,35336,Uncommon,H09,31/41,Yes,No,0
"Forest",1,37268,Land,M11,249/249,No,No,0
"Island",1,37154,Land,M11,237/249,No,No,0
"Island",1,37260,Land,M11,236/249,No,No,0
"Forest",1,37266,Land,M11,248/249,No,No,0
"Island",1,37142,Land,M11,235/249,No,No,0
"Mountain",1,37178,Land,M11,242/249,No,No,0
"Mountain",1,306,Promo,PRM,63/1158,No,No,0
"Mountain",1,277,Promo,PRM,15/1158,No,No,0
"Mountain",1,278,Promo,PRM,15/1158,Yes,No,0
"Island",1,37250,Land,M11,234/249,No,No,0
"Forest",1,37140,Land,M11,247/249,No,No,0
"Forest",1,37302,Land,M11,246/249,No,No,0
"Swamp",1,37246,Land,M11,241/249,No,No,0
"Swamp",1,37252,Land,M11,240/249,No,No,0
"Plains",1,37146,Land,M11,231/249,No,No,0
"Plains",1,37256,Land,M11,233/249,No,No,0
"Mountain",1,37264,Land,M11,245/249,No,No,0
"Swamp",1,37306,Land,M11,239/249,No,No,0
"Mountain",1,37262,Land,M11,244/249,No,No,0
"Mountain",1,37144,Land,M11,243/249,No,No,0
"Plains",1,37294,Land,M11,232/249,No,No,0
"Swamp",1,37148,Land,M11,238/249,No,No,0
"Runeclaw Bear",1,37182,Common,M11,195/249,No,No,0
"Hunters' Feast",1,37420,Common,M11,182/249,No,No,0
"Juggernaut",1,37490,Uncommon,M11,209/249,No,No,0
"Primal Cocoon",1,37348,Common,M11,191/249,No,No,0
"Sylvan Ranger",1,37108,Common,M11,198/249,No,No,0
"Prized Unicorn",1,37188,Uncommon,M11,193/249,No,No,0
"Spined Wurm",1,37304,Common,M11,197/249,No,No,0
"Plains",1,37248,Land,M11,230/249,No,No,0
"Plummet",1,37462,Common,M11,190/249,No,No,0
"Greater Basilisk",1,37382,Common,M11,180/249,No,No,0
"Dragon's Claw",1,37558,Uncommon,M11,205/249,No,No,0
"Demon's Horn",1,37556,Uncommon,M11,204/249,No,No,0
"Angel's Feather",1,37562,Uncommon,M11,201/249,No,No,0
"Yavimaya Wurm",1,37488,Common,M11,200/249,No,No,0
"Terramorphic Expanse",1,37584,Common,M11,229/249,No,No,0
"Hornet Sting",1,37442,Common,M11,181/249,No,No,0
"Wall of Vines",1,37328,Common,M11,199/249,No,No,0
"Naturalize",1,37542,Common,M11,186/249,No,No,0
"Wurm's Tooth",1,37560,Uncommon,M11,222/249,No,No,0
"Sacred Wolf",1,37394,Common,M11,196/249,No,No,0
"Llanowar Elves",1,37568,Common,M11,184/249,No,No,0
"Ornithopter",1,37280,Uncommon,M11,211/249,No,No,0
"Kraken's Eye",1,37554,Uncommon,M11,210/249,No,No,0
"Vulshok Berserker",1,37548,Common,M11,159/249,No,No,0
"Volcanic Strength",1,37502,Common,M11,158/249,No,No,0
"Incite",1,37432,Common,M11,145/249,No,No,0
"Dryad's Favor",1,37484,Common,M11,169/249,No,No,0
"Thunder Strike",1,37310,Common,M11,157/249,No,No,0
"Manic Vandal",1,37506,Common,M11,151/249,No,No,0
"Cultivate",1,37350,Common,M11,168/249,No,No,0
"Demolish",1,37290,Common,M11,132/249,No,No,0
"Goblin Balloon Brigade",1,37572,Common,M11,140/249,No,No,0
"Giant Growth",1,37094,Common,M11,178/249,No,No,0
"Brindle Boar",1,37424,Common,M11,166/249,No,No,0
"Garruk's Companion",1,37396,Common,M11,176/249,No,No,0
"Goblin Tunneler",1,37298,Common,M11,143/249,No,No,0
"Lightning Bolt",1,37240,Common,M11,149/249,No,No,0
"Shiv's Embrace",1,37500,Uncommon,M11,156/249,No,No,0
"Goblin Piker",1,37128,Common,M11,142/249,No,No,0
"Fireball",1,37552,Uncommon,M11,138/249,No,No,0
"Pyretic Ritual",1,37468,Common,M11,153/249,No,No,0
"Lava Axe",1,37160,Common,M11,147/249,No,No,0
"Fiery Hellhound",1,37230,Common,M11,136/249,No,No,0
"Earth Servant",1,37332,Uncommon,M11,134/249,No,No,0
"Awakener Druid",1,37190,Uncommon,M11,163/249,No,No,0
"Giant Spider",1,37152,Common,M11,179/249,No,No,0
"Fog",1,37102,Common,M11,173/249,No,No,0
"Duskdale Wurm",1,37166,Uncommon,M11,170/249,No,No,0
"Sign in Blood",1,37210,Common,M11,117/249,No,No,0
"Rotting Legion",1,37436,Common,M11,115/249,No,No,0
"Gravedigger",1,37114,Common,M11,98/249,No,No,0
"Quag Sickness",1,37402,Common,M11,111/249,No,No,0
"Mind Rot",1,37150,Common,M11,105/249,No,No,0
"Nightwing Shade",1,37496,Common,M11,109/249,No,No,0
"Doom Blade",1,37208,Common,M11,95/249,No,No,0
"Relentless Rats",1,37564,Uncommon,M11,113/249,No,No,0
"Disentomb",1,37220,Common,M11,94/249,No,No,0
"Canyon Minotaur",1,37176,Common,M11,126/249,No,No,0
"Arc Runner",1,37340,Common,M11,123/249,No,No,0
"Act of Treason",1,37234,Common,M11,121/249,No,No,0
"Chandra's Outrage",1,37474,Common,M11,128/249,No,No,0
"Duress",1,37276,Common,M11,96/249,No,No,0
"Berserkers of Blood Ridge",1,37228,Common,M11,124/249,No,No,0
"Rise from the Grave",1,37202,Uncommon,M11,114/249,No,No,0
"Viscera Seer",1,37492,Common,M11,120/249,No,No,0
"Liliana's Specter",1,37352,Common,M11,104/249,No,No,0
"Unholy Strength",1,37124,Common,M11,119/249,No,No,0
"Stabbing Pain",1,37438,Common,M11,118/249,No,No,0
"Nether Horror",1,37346,Common,M11,108/249,No,No,0
"Scroll Thief",1,37362,Common,M11,72/249,No,No,0
"Preordain",1,37388,Common,M11,70/249,No,No,0
"Phantom Beast",1,37384,Common,M11,69/249,No,No,0
"Diabolic Tutor",1,37092,Uncommon,M11,93/249,No,No,0
"Harbor Serpent",1,37312,Common,M11,56/249,No,No,0
"Corrupt",1,37162,Uncommon,M11,89/249,No,No,0
"Sleep",1,37200,Uncommon,M11,73/249,No,No,0
"Child of Night",1,37586,Common,M11,88/249,No,No,0
"Mind Control",1,37512,Uncommon,M11,67/249,No,No,0
"Jace's Erasure",1,37296,Common,M11,59/249,No,No,0
"Captivating Vampire",1,37534,Rare,M11,87/249,No,No,0
"Merfolk Spy",1,37370,Common,M11,66/249,No,No,0
"Bog Raiders",1,37156,Common,M11,86/249,No,No,0
"Barony Vampire",1,37356,Common,M11,82/249,No,No,0
"Assassinate",1,37582,Common,M11,81/249,No,No,0
"Bloodthrone Vampire",1,37300,Common,M11,85/249,No,No,0
"Maritime Guard",1,37426,Common,M11,63/249,No,No,0
"Unsummon",1,37172,Common,M11,78/249,No,No,0
"Negate",1,37158,Common,M11,68/249,No,No,0
"Mana Leak",1,37324,Common,M11,62/249,No,No,0
"Tome Scour",1,37110,Common,M11,76/249,No,No,0
"Blood Tithe",1,37446,Common,M11,84/249,No,No,0
"Ice Cage",1,37194,Common,M11,57/249,No,No,0
"Cloud Crusader",1,37528,Common,M11,10/249,No,No,0
"Blinding Mage",1,37204,Common,M11,8/249,No,No,0
"Assault Griffin",1,37532,Common,M11,6/249,No,No,0
"Ajani's Mantra",1,37334,Common,M11,2/249,No,No,0
"Armored Ascension",1,37282,Uncommon,M11,5/249,No,No,0
"Excommunicate",1,37170,Common,M11,14/249,No,No,0
"Ajani's Pridemate",1,37464,Uncommon,M11,3/249,No,No,0
"Goldenglow Moth",1,37164,Common,M11,15/249,No,No,0
"Pacifism",1,37096,Common,M11,23/249,No,No,0
"Serra Angel",1,37566,Uncommon,M11,27/249,No,No,0
"Safe Passage",1,37198,Common,M11,26/249,No,No,0
"Palace Guard",1,37206,Common,M11,24/249,No,No,0
"Aether Adept",1,37390,Common,M11,41/249,No,No,0
"Armored Cancrix",1,37480,Common,M11,44/249,No,No,0
"Azure Drake",1,37100,Common,M11,46/249,No,No,0
"Augury Owl",1,37514,Common,M11,45/249,No,No,0
"Holy Strength",1,37122,Common,M11,16/249,No,No,0
"Infantry Veteran",1,37098,Common,M11,18/249,No,No,0
"Mighty Leap",1,37524,Common,M11,22/249,No,No,0
"Inspired Charge",1,37476,Common,M11,19/249,No,No,0
"Siege Mastodon",1,37286,Common,M11,29/249,No,No,0
"Silvercoat Lion",1,37106,Common,M11,31/249,No,No,0
"Wild Griffin",1,37120,Common,M11,40/249,No,No,0
"Solemn Offering",1,37272,Common,M11,32/249,No,No,0
"Call to Mind",1,37510,Uncommon,M11,47/249,No,No,0
"Cloud Elemental",1,37126,Common,M11,50/249,No,No,0
"Diminish",1,37516,Common,M11,52/249,No,No,0
"Cancel",1,37168,Common,M11,48/249,No,No,0
"Foresee",1,37104,Common,M11,54/249,No,No,0
"Squadron Hawk",1,37522,Common,M11,33/249,No,No,0
"Tireless Missionaries",1,37378,Common,M11,36/249,No,No,0
"Stormfront Pegasus",1,37214,Common,M11,34/249,No,No,0
